id,monthly_revenue
4465400,3859.7272863348603
608629349064811166,1012.8263559143996
981894508939312892,1833.5068411962166
52014961,1870.4780769895003
836285112356489303,1468.1162003934155
729730483477613494,1806.6605108224805
944215862491317970,1673.2748745282784
903006033557171147,963.6819242575609
564880673945279487,3821.88092501429
764443008812380227,1955.1749262026528
1011226885622723129,1418.2841213859826
13111653,1809.6602243444843
4075378,1326.3982818165584
840731158280306977,2088.1162040669765
628492950660821905,1666.4493165834747
18829637,1710.9050665895593
9074376,3412.4452868869203
1023654063534177793,2253.90862678068
32186644,1459.2185310124603
51517972,1294.1008074758618
930044757866918155,2444.2044065974796
47730733,1706.4057023562539
644832400238584702,1620.1443917350973
563811005512806585,1419.4936754531873
946658103976441380,1287.859940495013
641935676868138681,1517.3001889764464
36575124,1254.9379383257155
10992078,2114.6155954580468
792767566503426938,2767.03851330089
28374232,1415.1682659562396
903719953366256795,1859.1041695774202
40448057,2922.1846253730396
21100013,1418.5278647820578
38131507,1751.6302371537554
3742414,1967.6150606198228
41269818,1399.7820003497638
51659675,1754.733925975917
711026764081424364,1296.6397385107211
34312548,2728.066012571133
12156919,2437.6257769221656
22943194,1632.8862270563795
641286360676071042,1832.1209322369873
841410712756779955,981.3078121722806
46585029,1559.722769063993
11242550,1415.2958502192878
28364428,1069.9813906312709
633435043601003244,1464.937673198889
19434101,1412.8524527115799
919835952050197567,4005.8580928179867
46101575,1584.0810700193736
943608459019031145,1184.82237821335
51657992,1550.4452671094798
932459421467233660,916.5852405373579
52799181,1409.123273800098
29998069,1714.7000760940675
36324641,1782.5687860868463
35939545,1246.9660401169876
717551955250963710,1795.4110564584091
29214094,2020.8506417307576
996726509410904870,1455.9657511129826
53514361,1369.9084111388777
17703644,1613.8832135217556
48258797,2304.6357268732863
1016326008395573822,654.6938540471668
54267773,1754.3481785013878
34180296,1558.509310893384
17497419,3148.9115138586644
1010953851934743611,958.6937823171335
979911523694843918,1563.6608986662545
1037980108699410965,1532.3025801160604
53741351,5225.410612914726
923533539114172105,2012.6872866741328
53223007,1902.6638612726101
969545323180749749,1221.0106514166262
30204180,4238.096534740162
38880792,1546.1854107523145
811650296544480046,1150.5117570964883
39205913,1613.6039935508716
917042757640231846,1380.9614071969183
591501265133490901,1532.2179753602857
706517007757035755,1399.541794661962
4256725,1398.718297817073
1030539740098574302,1368.4035616110814
853117164964826858,2293.425967050988
39894314,1604.049418729517
30464949,1474.4775010412666
792883005062628538,1393.6583923332742
47920470,1755.1639516797397
22102093,943.1028584667743
16243231,1432.4315735747048
908213423748310861,1573.4903588095544
914167814583406410,1142.9223343795784
656093243302306911,2364.85340368176
1031887036489081599,4900.336537284141
883766409415372796,1369.924118827665
944225705256990863,2968.731132235593
45237387,1476.427270320208
824951093312674964,1357.6265860230742
685477917083219830,1966.5426493752616
941442136067315095,3308.849226574634
787674726735576470,954.103179894594
654546537869049186,4046.975863042675
611121379258353622,1878.505510772671
924773797588718230,1897.883123024099
959579294765184094,1596.757527940076
34655839,1557.8451605156351
11393844,3219.3456723771087
908270876253804815,3900.8958797929504
983323697917070885,1547.7094150052828
969146111815050827,1055.5802743293286
42591398,1012.8263559143996
38324966,1843.2801275276056
619599861618191200,2502.341180822266
806270279530380112,2315.02852535033
688544334661194671,1809.514040834196
13617271,2590.0735703597165
29736759,1291.2028382318674
44269319,1721.7735395058246
25314294,1267.248096512632
12245225,1348.0672052206244
46215685,1692.7117483371308
36841352,1983.3270712738483
634854307981905605,1399.7820003497638
994904719094409277,2658.8496466329884
686907478188369765,1448.3261927854355
956226912381732798,2294.0464953475057
22326190,2405.2878051125485
955171759960993588,1004.3105158857722
800970191867596004,5298.2116335391775
905407437025820797,1040.871126012362
732724971469976884,1192.5047904553016
713271,1328.5094556909326
702366281800944724,3488.903238076817
939503106846943236,1187.3610086998299
927692108400643914,1671.265673888896
985167961387919079,1866.0107730919476
196722,2130.9464637777496
1026860427303774188,1578.1426820359131
624723728831681250,1484.6373764290822
13996470,1581.48032347437
645380488250317455,2260.85716481077
704265965203455871,1700.1910243762056
857547425681870506,3320.0409623749697
916904518849278671,1488.1341092626703
49924638,1993.62469088508
713925697989494857,2739.1601158678677
50704191,1484.813703386261
26047,1228.6662865657458
1291394,2291.87552958732
41723288,1560.505292247925
22692270,1387.6598276850752
906613439128557258,1888.1560727700698
917662077646663730,2448.601048247354
53612566,1626.378218908732
757429830415010252,2358.14755427893
7804061,1446.0029147227153
18812413,2643.325124679344
655709011871500958,3108.6641448365413
498112,3621.343827269599
816757366853117057,2701.833855429736
916108130169742809,2319.795222902328
1021818741561711720,1142.0270750603527
750296793958003198,1757.6310510695112
1015935,1391.4310700038698
23172118,1255.315664513812
896692070449107148,3304.784691849069
3130486,1247.7218096938975
640593750402489550,2045.205607079945
31039997,1579.0090299624349
892602680656699069,1980.4490788111802
980871365948717515,2808.5249708408264
684585572455552764,1910.8559535315376
18993540,2190.2335803545093
686132301906727786,2858.086744570212
27880864,2409.317419969029
648571715106497356,1656.4867148087317
22551920,1286.7519299223115
48960147,1799.4298257652767
43140470,1292.0634278519403
1020452280405309693,1122.7574870200287
52740070,1495.194893815235
1020934462740230479,1385.4575330879277
1223989,1443.1908999147354
970485241341974364,3746.32508141387
847398646238437144,2430.8037165337037
944911393949960465,1393.6583923332742
912925970585391192,2674.0265562857485
39560367,868.298000423487
29187281,1444.8325575866315
640471776476857550,1589.412255183331
33041847,1716.1756558631857
34339291,1955.8379560912633
929357162785899439,1369.555987259072
6732143,2341.8660272037573
4120301,1740.4982179428093
35806049,1733.1253126450572
591513009241652117,1442.1169466223985
40089922,1176.2364645925168
34045168,1867.5485885245257
24946452,1399.6929124667865
23413748,1033.0298624521797
754269133259938444,1479.492289920938
751408343328701645,1503.6306162404144
4787924,1428.4310732848458
24253909,1277.9333490864424
929028648638965571,1867.0106213015463
53172196,1427.8163003662085
983273645789371192,1498.7868542533906
46995034,1509.2161147427921
39424317,3829.5764048573888
28760438,2202.387313586557
41884019,3985.7962017255163
899424111651588086,1192.9013410348364
679267569821552445,1456.05483899596
968107664754833716,2402.177304957484
777679941260560186,1655.8034114267346
648655367951170235,1332.8871734565205
1006532730540936312,1345.6527379592621
1014756736136699481,935.7591705048009
848026711345020633,1230.5596771274077
961511526033300153,772.0638083304019
1011153096655491988,2040.2435480021431
859577678298563830,1610.6472265877594
702876444293572136,2702.9584035223515
965152970102994187,1946.9746708594162
749710220230060023,1596.2890796725746
819526666335812869,3984.5497951443917
992780875974912327,2752.8574228848634
24474689,2275.8145084576026
73841,1629.58747083346
575500580463866352,1517.3151057297896
47428119,1537.4896342576924
962440152949000270,1220.8231707341354
31317042,3302.580652227069
42457349,3114.584250872382
46340428,2945.362318917318
807956993753714062,883.8638894059249
755903457080295553,2825.7063610356545
20698187,1404.1117317049925
872368827432465536,1066.7262067734755
1024113865791624446,1645.207142971645
605332606169282410,1435.4277186189013
28318264,1584.5126895958585
40635367,1479.9605382483587
49444222,1789.256967786958
48756845,1462.0070023957906
2084273,1464.2846012117639
903126479621998105,2864.9343526492953
1014579986735937952,979.1697167094098
34446877,1942.2727400784781
725580603628565216,1945.869586348739
28331525,2698.1107039015205
888395632837630091,1327.6921406630968
924605295788499108,4402.34154595427
52594124,1810.2493748710588
42843544,2823.622255240561
618433336469061058,2082.632474902661
33803742,1632.7668894369197
652528955746967643,2716.423617859771
32044207,1040.6806842869962
988532047627713512,1692.5108913712763
873536889577800875,1885.5223712298302
510948460468405144,1526.5538225114815
30147059,1355.7141835877517
26878524,1792.103187902673
33657678,2040.2050404626746
19035665,1715.9736870832414
50200213,1890.493888197228
798889942621016112,1309.151793769624
43103070,1555.8041040411026
37215967,1789.0485454330774
966888926897524126,1014.7887772273604
38191572,1626.1534937402098
1009672862304504296,1613.0799024354228
572609209433746227,1351.4350116646015
854046532344088446,2495.4594645533393
41688366,1378.4762785919875
694174735980776361,1458.3672637345596
893065206116101081,1841.7950673798207
53282868,1656.8177931705359
882126103963167188,1440.2256199717344
30502873,4264.202146664906
557360388521540150,1529.9454929687697
930541445678237295,1536.4348483478257
986515754825534706,1900.4390132722106
17911210,1583.2714939660325
47373270,1436.0409542593413
968816235939033273,1507.1420702036573
27903066,1791.8915402322193
13007169,1789.0601665894053
44317516,1657.5675402233874
42002656,1544.3986323484128
938538528479222423,1335.99186924572
923208916196239749,2365.0890221573054
654545174431302984,2247.5964923964566
773143001560771560,1803.7209355819352
31445122,1621.5180392729035
539840891599271273,2618.4375580933984
23121835,2761.2447602178604
53675968,2244.0984476985413
22587726,1506.3567840397786
33786053,1357.2454683806295
31128900,1441.699479822936
618160400027471214,2379.1152334267076
574795430216987558,1591.142484795091
1024305364321446422,4092.67970816991
28229609,1567.6169790254985
874607598592266223,4937.30698921837
748524351823698628,1415.1518731866456
21701347,2299.5646307829566
1012385,2353.9958836742453
45911684,1542.24211811537
48499335,1605.6118203282886
24658451,1839.3013509294847
51869906,1370.3246065364208
740073787325078758,2573.940988666077
52086928,2784.712887405889
24574485,2014.0519372927538
960935343000233165,1513.174787814608
14261655,1119.6285996259053
46879080,1093.193958679171
696702222183409636,1207.8215355802924
48562554,2040.2524948721286
773244868554161175,1081.798632402852
894210550000758826,994.3146059861156
37331659,1666.9403879517315
42937545,1795.1640115204837
928558980701087563,1496.6607144765187
888379139240892337,1786.1266622365533
15330197,2356.111572190073
630450878058080908,3888.035721007062
879154002670373999,2146.051174165545
12853613,1780.451665551065
6453318,1482.245893557065
589943890853533309,1340.9890109412893
976362401453839525,971.3649632191344
909623218753927140,2857.833219989937
7749728,1677.7386564042067
16026015,2249.7075676704676
845284101352923786,1681.4274959478432
812686032484608574,2843.925002138406
615502055752548982,1343.7406210322026
679796062201655304,1613.0800535413698
44704769,3044.0183145438573
7921570,1765.0998950609585
33837243,2349.960786487599
703863098145595811,1675.4699365534277
696431875149792945,1177.6471113278683
49611171,2332.094232365465
23976814,1424.6227548878305
43214742,1483.012243743515
829079304829825241,1843.4550450749966
1141457,1840.2403607581416
968145198508026455,1768.9938357795436
53908651,1174.440339792735
45531528,1895.9503817399245
53313118,1761.041647789209
2675179,2691.579372779799
48846092,1165.5450926310812
969744464140988284,1570.8197834983173
890037419970606150,930.932885391392
929673157473474479,1776.5773291002872
797991977818867890,2084.3882943513595
810923330649607464,2245.2569928581524
53130366,2475.7064922502495
848589895535725197,1345.0129434029473
50799718,1458.271817073643
956436034381611363,863.9414927422891
3340865,2585.029756060615
631141582243461534,1990.4784216804264
933515456515658050,1933.2675006918357
38603948,2494.1672351307934
13297246,1328.6503061850651
17494290,853.71648450473
840610893638940966,1202.0092760289044
46449044,1843.3703780406436
923442041508805358,2548.545575022387
24718014,1464.110325925576
1019668851970808846,1040.6806842869962
935038586980817663,1415.8981357882249
638257517892456878,2013.8261839644633
972436673328558056,1491.8344293631098
972444849291136738,1321.5893590997462
685648100565353058,1846.7713055834397
611511432669901937,1500.6385569024853
21550757,1518.7132043263753
932887118507573731,1578.294545922152
30051172,3519.1938011374245
780704802382483693,1546.3792189905835
858636557062356269,2833.3841626285653
968201026280489678,1009.99896128333
31387750,2079.080099846532
17738026,3317.984720581239
827493154825565862,2885.7057204079456
32043949,1378.0588276109347
28083134,1061.7587911941957
36036194,1157.2565017775028
11207279,1607.7436965358415
1043785105970341901,2016.7585245101611
888689379025049113,1659.9633194274136
940069738091986089,1072.4560539585395
49496849,1057.1716319521208
992219351762738324,5224.351469453549
48087568,1664.02908843033
1032625040159335264,838.8271867412861
821920671448074191,2427.0081777332075
32902275,1553.7974094619253
944206017889618398,2424.433817643073
3563108,1522.9875520000628
1006158271672848672,1527.9012876057452
767518831556485268,877.7577513205032
858363910971019719,908.6380310164684
12336968,3742.810707750958
53309359,1832.8965513087874
31494152,1989.7929020677634
1005713969110960909,3012.3876292686505
670293369748337563,3654.8739825724724
29780872,1628.8684840900441
53344603,3765.3323288130728
686300114488054568,1730.868277412802
892745209554062365,1477.928635935054
31240187,1008.7940108587993
36480754,2918.3892608235624
913689178509483854,1316.8494168767354
53401445,1630.748326023235
53726311,1649.8602248726086
52385091,1455.9507538072326
32571178,1421.7829299854573
940922126273706344,2818.2060116774487
1010373029610726119,2038.305183487828
967472637472188127,1946.2103119081667
44306270,766.7441130668948
49118691,1247.1583575515183
53817474,2370.5842424501284
52474433,1713.6118819815106
944404458969711180,1984.526167374213
10946286,1866.1379417891742
853592363607173468,1214.5106537891572
24183433,1858.3149606202792
8047959,1665.4199089686585
744976201908379359,1341.205902365636
28674567,1929.177579869175
591202087897623948,2347.6937866232606
22973593,2876.47652365115
924702337739202739,3936.4639755158023
17383030,1833.2345561022287
672978756275835545,2218.3072257796284
909788917277258902,1293.666091793069
743417639065038420,978.0643633492031
765299972595687525,2644.23294925667
995880456862146969,1356.41792131519
11941603,1607.3770841183086
690169984520169423,1633.1743404943618
943588257553501001,1271.3387644593463
1037933039686294607,994.3146059861156
29970776,954.3393458132484
14595350,1756.6262200466624
850074702335810846,1486.6328739590795
36184209,1634.5441155860774
1043694259400656638,1595.4820817973239
40537372,2323.361576638102
51388855,1383.527764175834
47474716,2272.2204823243715
790553076076537355,1933.7858296166382
54283005,1882.7886132327399
841626624357250966,2954.80097634865
26840662,1705.9730759485672
21188818,928.8034707656325
930386188646732389,2818.750689370135
1040993480897966249,1043.8443638384028
25074332,1137.7068998157106
1015562996305746436,1349.9505906629108
27514047,1485.528993397315
644390721714287946,996.0676388021703
43831987,1002.0191050684391
853889347583467160,1673.1822512944466
705719018408799994,2103.380414060643
809769020944802389,1432.5953356371754
866204118838587582,2455.0565740909856
768398127667812806,2314.632683099934
6425616,1862.0740989206445
633486950958651716,1834.1058885069813
969929897430359978,1508.5931464753387
54366570,2864.1975727042504
35922487,2819.8247197561354
311354,2398.465481906814
913916909699172544,3172.9183528121494
976323374442198239,971.3649632191344
51320938,1357.8193998278803
5759976,1653.0081756056668
608076159232440691,1494.0330198459249
992097956190910605,1230.2674910211133
978295577167464754,1359.9856110862822
29266447,1706.4317822950306
837772775743134643,1558.2778875457202
899203529162158615,3488.3110765458146
36715252,1501.4934073198515
891634053063785993,1348.481164947446
16458904,1413.618258115265
920249665610178383,1415.9065805511473
53664325,1047.9097838967432
922086786571862390,1429.8884146559328
962913804279248042,3633.3680119113997
650607262159929480,2356.4235699509322
44303204,1461.6216707836697
666577632708620176,3156.232078389842
712249571998973299,1550.0456318461572
851057341643129120,1915.9430565813423
813135493729264472,3784.4690626130287
729242308875289923,1323.2389502333035
28544724,1522.8389242414255
1035078706077601688,1925.922234398613
40177739,3344.1433528275206
905844527476556054,1332.9714865801473
6990532,1034.0108373322794
31101733,2080.75071929748
54039081,2013.5228616038057
619021585782094652,1647.7350451048715
576324169204815575,1450.304590485619
779915751176813089,3887.1282117567207
661711794147012289,1701.4119497450693
36478274,1458.9163439238837
10619943,3357.1727040123083
902085850609535776,1953.2409464462298
25752951,1427.6374601120654
38243837,1713.957499380809
872759139209238330,1908.3020962434387
2709965,1156.777177512097
7054627,1459.668969782844
25346154,1881.1810100470198
24396414,1814.5187424913686
961826638045297199,1498.1953383759235
27377931,1582.2509550967902
12815958,1833.8093797655165
29236428,1904.1800914038643
858817206664004737,991.4392868491159
911886937414711504,2363.5651183797304
830528538990494916,1491.5245785679022
953868647575548852,1511.730814240504
27314632,1427.4297962943622
832673361143481015,1828.2230748418524
38067381,1510.7689043029434
34436113,3691.823316567251
923245092886010715,3841.227844302313
30133503,1380.8148090450816
2958786,1333.5793462635613
934374947047643891,1419.252516204189
927653958939762248,1322.5505119786872
23370526,1838.7634329504235
883819612588751590,1843.292392331852
40634680,2897.448314370193
53812295,1441.0127161457433
964601331843112625,935.1449149715719
749265621049306621,2020.7658534110394
42069280,1884.3151093118265
47908132,1376.3311497561642
30112138,1345.152885218324
31646868,1483.6800368680085
800433241339540478,1235.8661626366566
674193493104024393,1580.8307683609298
952142875884116872,1554.7499235647833
45032739,1824.7614293239762
541472859148711343,3016.3962631963886
7679929,1378.5600376295931
995621102835223919,970.9792487423199
933491626783305779,1105.9685994941601
6134895,3554.5725337692047
35941324,654.0397522341359
52935965,2148.533162496133
552199534066642003,2110.2380932836777
866740275981598597,1796.5663839297583
939961285038560811,1277.7558556429385
38266089,1486.1912314138744
953864476457366504,1457.3630455456298
976262118849452336,1126.6153586005876
960452988755682370,1595.176111189692
45626100,1983.0292545752493
678321848015350158,1925.1326141070394
872852188124398534,1664.2657597099992
681151528493373084,1261.9104692588314
865184696356075536,1337.3855536870783
45243636,1350.4051260102028
1025809278895556122,891.7958211148855
50287231,1150.0280521960935
22696589,1504.3202975720787
6426269,1145.183190665928
4493377,1705.717437146928
961757210706931810,1564.7977236916965
1042182168385771289,943.2082977406166
23020307,1457.4243487599826
975669649038301703,1594.6956046781243
773216148474833083,1310.654832842567
892758192093887552,2875.443136537261
54243757,1394.7476232747163
838660821598665306,1307.6209450120687
19094811,2149.9756539972254
1191143,2873.554447887644
740020164783060026,1620.4145818844063
6416204,1300.5961229921288
36043428,1467.6115054662864
653493908624521531,1450.2373849880653
892314920827692115,2298.349749190126
24755125,2349.272884293704
21643708,1086.2673397163505
995120739216133478,2312.207295689154
15481083,1783.2505605328781
42696012,1373.632977910127
15514194,1465.4333123186411
52496643,2711.4158265485535
51753888,1808.8518261040283
934279591549320726,1341.1374769854726
42896340,1881.6057295474416
24699111,3567.714216195367
29795231,1752.0719809234856
681249158664573887,1665.9116203613148
594560281009631016,2347.6416732581324
943490329235999776,1545.3392350338238
956267866287090390,1122.7933347478136
995196087341251849,1962.3123598932443
4856515,1225.5141703392649
751742278545937316,1496.852510316648
52751384,1505.4549506588182
39985555,1831.103206176878
762269555352822097,232.50938145891155
51604803,1491.3792947364827
35089036,1812.6779720202069
31934285,1500.3860497766102
21912,1486.097151218966
751423757365207825,2732.1304109665616
755916944893858507,1511.5459557721545
918165541071668839,1994.1994373518983
18024,1873.094864813626
898724730066153990,1906.0395212470485
22391348,1707.818626841271
6660457,1345.830667767493
881355111685243680,2079.337651831907
851444520902730746,1764.5980534034031
581913215389516560,3501.518226730468
942198381109067042,2095.8727457564232
634039127458505827,2706.4645462766307
47054062,1251.1678587635965
955353651684123845,1386.5576429050614
625844667500024063,2020.8506417307576
710837425541630897,2397.135906896274
954030225758890340,1854.4866952783432
881917024842431156,1464.0109289160998
856831885630423028,2845.8966130973126
952931771957298874,3916.509940194533
22422543,3801.1318392148414
14555310,1537.176602416029
846423776304850185,2733.8503590469327
45715295,2628.7824773067177
1036018666584943350,1889.917228008742
687073071466085759,1984.729137050021
928370823275734824,2885.37304475158
38847417,1264.1417115253187
48227761,1231.6551066728055
611761422268205294,1767.7444162672634
762337352924239148,1554.836850857201
18638495,1861.122237735211
27023757,1584.5612548179176
787070840956286074,4048.026244068532
793625566805364379,3119.3049159275593
829193558827888044,1176.2364645925168
3309313,2128.8467587179784
969710158705702652,1393.6583923332742
50330531,1420.3945937598476
42097672,2636.7516940078503
698081321110887201,1329.9359935958748
654668434867588387,1219.5314422718238
8941830,1380.1096388058047
597765578414885881,1420.2923497197112
52940209,1464.7309451154376
677047880782607284,1095.4173558845243
892314474725715239,1479.2093216611006
41958233,1921.1038946787266
957450266512722285,935.5421303024723
629259683606195319,1469.3123355410755
1092176,1401.7206245990062
23056643,1385.0047438490417
46292342,1681.0013940328474
993523037770138586,1741.7851026410144
8736944,3819.3643685865445
782611575046081777,1893.0349268848624
17302474,1532.1912699957065
563115181211622654,1302.2041745295428
968116856616973433,2561.627117050395
1021290912968953815,1355.9851107964232
14194524,1426.302039737367
702281737808303979,2955.990772636065
53338639,2853.00028290279
780599393228932130,1675.968562338396
27641406,1408.9660331738216
756871298880801904,1892.0518234135845
18650443,2444.7593235656864
749547956286953697,1410.8790755336022
3168686,1779.3255683634152
38977330,1413.2874590331976
40557835,1686.8177159282216
1040106486965970691,1365.2398820596748
1000876439117206130,1436.2535663245455
688443968489123584,1691.3293575787206
969653392389060980,2438.1875365149454
903202768637136999,2893.0654208472884
11688698,1647.3129504816009
24134940,2742.7971720608307
33687129,2265.8436917680565
862891756653598744,1338.2348672759015
745025767777116821,1514.6629730893317
51747629,962.7481377380666
48167443,1703.196276354502
42301804,892.6386433270804
26160268,1694.8494519071846
835784871538797794,1123.2716842571208
36557638,1929.0587413017372
1029826080780454158,1455.9657511129826
1006111949856415760,2222.555976733118
3994011,1326.5951863075827
51456497,2602.359463423411
1029739696773957586,1382.1994185672509
861778263366195328,1817.9159130232752
47549583,1038.203842946775
995998637395824376,951.4203562523021
27393918,1815.4242787004453
708648709451898433,1696.1263058318266
974033996678481217,907.1034619554329
50807299,2007.0685055572217
27268683,2556.374841075282
24066913,838.3818724668428
27561314,1616.4515522858198
639042332403169021,1359.011782960073
926762637781525027,1257.473799247294
974565104288695749,1758.5697380539398
913972308748448291,968.6743790296166
53595567,2906.9632583393277
919882207484674798,2438.986857305302
39321923,1749.787013022988
4630113,1707.1124233979504
49417587,1580.9037947778315
869801239501689123,1486.6594739550062
53009047,1288.688905285128
3812348,1490.3502712031184
1016713565660155853,916.3088202010607
736116744137852547,2649.487206330236
771366,1369.2027266994216
28955616,1647.0892976184214
603626814689298469,1484.6373764290822
40180166,1617.6865067050414
40923455,1921.1511352944392
574531787170117608,1664.9867669863465
51248997,1732.231395301095
748993882666940231,1834.152556179148
608252515654744309,1291.8238915656082
53230371,1577.0461785470588
42449531,1883.0367571473591
36988462,2317.4738168174495
1016025337079336296,1457.7187839290377
35809857,1394.346482741485
720901803527787917,1511.220707347204
893875511669747229,828.097693521949
28987551,1640.381989546611
922651416658124004,2048.525329470933
776514171059457790,1707.114836295689
52740677,3359.7116060635576
33299354,1456.0210319850148
26801360,1134.9899103898854
7741348,1431.955718517331
13095272,1672.8334779839302
829564085300659046,935.8566657611981
735770656582654631,1512.7649929228471
17734782,1663.3104278116627
5638429,1736.0022216968782
17964143,3440.5650760321705
24653941,1791.2258577872494
568808881399597264,1397.4089057390852
48547310,1383.6072090104144
885855032997487841,1349.9884124028374
3100878,1667.7345199020358
954560881599662250,1513.8036088003316
41530441,1795.59074152864
774867293948514142,1824.102205569458
750063404491358773,1932.9909332144684
30768655,1356.5707318222644
12213507,1804.7775946493975
637770635296994623,1973.290736527024
1041627212949511129,1006.7514062445578
51194450,2744.674099443785
638309253284807578,1558.2620161459913
17611127,3189.8308610428494
993815278064103878,1681.055797357781
29659260,993.6930367300777
51018159,1672.338309354618
636541707361749311,1173.4071127378843
843794414647022682,1838.904373143857
1022662630374435598,990.2653279697772
997243378260024440,1025.3326139101184
976282778777619243,771.273159757906
1014577619472409507,2427.6839180389375
1026949339160938352,2471.4576544049382
2966088,3181.627116785052
994372673953366075,1883.3468798576173
947192833308451119,3688.0375755282007
36615837,1539.9731137159426
41710817,1012.8263559143996
800935892830608949,1705.5012820889253
29902621,1401.4459452828416
6416686,1263.9952494248937
53868586,2411.437030096326
656052900229080988,897.3483541580118
921098999467417118,1252.204547783943
4418911,1486.4343873761431
967662702180312646,1942.3899632296088
35091087,1710.3083872127058
44021555,2394.159604843295
12294424,2756.608505006309
47406734,2043.472388884719
53421362,1763.4170233610728
3679016,1691.507063696378
585747588926620776,1832.040394679433
958675830485818845,2573.8193715630814
679042188518315058,1554.073849722077
37493589,1863.7031345270873
937795357591962024,1038.4174715569297
53531830,2523.148095745272
898088289157936718,1853.2904922074572
865532956654984560,1306.4802331210747
927505979510017080,1175.42857670101
744990487628780430,1399.6929124667865
881910130441121868,2314.2745270314435
626670584936455248,2534.2278542504623
6692629,1482.2138893499796
695504265229487008,1493.5521836956686
36104697,1051.6426502027848
1043142687866502122,983.6566750020809
1040615604622734234,1396.8220718846808
801024168663683393,1848.5485947518293
1001668494313338968,1399.6929124667865
46372111,2367.636016355565
52639645,1516.4048025839077
17580870,1737.5722658093835
1005663281001463884,1677.9879701514249
33073432,2810.0157789405725
794280165133001580,3521.5108369831687
906165847219498378,2763.097764555928
45998307,2793.0222157160147
9237061,1094.9532434213158
6993905,1615.0422105444466
28154661,1650.4137927984843
967515496905922725,982.0967084048034
27837513,1574.1774943253492
1020622742027577613,1142.0270750603527
833952751887096562,1072.5355129494517
45941161,1313.8433636094887
782725694993661305,2267.7919106697564
4699429,1439.1905695608057
39511588,1507.8545850060848
54271255,1837.0326507116895
888362047495421930,1524.894231710043
53026140,1494.41925733166
27257931,909.7148609144575
1016117395250384714,2318.950524147084
43533212,2871.289277366129
971180841745973748,1722.1406408577818
14127036,3167.302559529377
1011165223778812926,1418.2841213859826
461370,1373.0318152449984
702569746591193300,2559.433455007612
49469128,1309.557816799032
613327802223607485,1308.0429037726458
755921598792885202,2237.0364352744905
927517572912592731,1211.315861514508
28317472,2863.8275373142687
6452450,1518.1254866169427
26342358,1113.8551376057717
968103912595228590,1318.4126651198947
894135724044874473,1699.243327992823
1014463888926310646,943.1028584667743
32982427,2659.332293888813
902283687852576357,1720.0878204376336
51476043,1423.842752890728
781526387244147505,1749.0486635591235
4104870,1903.572008448174
944976798774137912,2460.386845218228
13829747,2793.961278754659
1011109642554622116,2329.987812516337
43817461,3385.9661486701784
53046207,1822.6174642569842
33340994,1222.3778142008414
9562576,1362.3992848877508
43501445,1061.7587911941957
8743634,1837.6560889369039
45723370,1351.1672211392097
18735027,2420.437362213458
868105255970935888,2708.5657389113358
8255521,1411.8611801034738
377706,1425.9463749375334
54343169,1784.498606890293
898079222122228915,979.3850390194968
711496274723040660,3382.590932922551
694875479872586956,443.6962151732598
37261304,1778.6829742003708
702079179822599606,1506.9611641918132
759391143392781156,1508.902316294588
33098749,1501.793762767207
34874854,1855.426602256887
24413898,3003.7171341155213
35304,2468.419652985501
945270589226266186,1585.518414092782
744961251977035854,1379.1049610360078
39172904,1894.3848575307534
994579254207808808,1364.110026515521
14607432,2145.109967757306
563248180261220836,1683.9627107669685
36078854,1444.0333191141626
866623099520556575,1582.9037841313038
3342823,1720.0363381912528
940583140519534024,1393.6583923332742
24993810,1805.1539925541513
1000013089813316590,2139.8619929598312
687627343249251747,1485.278677132579
21045621,2097.2084300670745
507767,1761.6412837403102
47292724,1181.9208920698893
948032080763257631,1304.4417347225271
680334719746978812,1267.0927227640223
51324665,1634.6157632968427
34343991,1372.7794370431316
45028703,1396.5923944118902
710286970796220640,1501.7916109819637
765210232672973577,3373.854770538539
1360765,1408.2249190726484
726829619548053751,982.0967084048034
1034146682721688246,1728.131715040258
679037303886725371,1873.6727716801975
34900603,1904.9481050404218
793384773896731046,1443.7957780376005
876124865050413306,1345.7758924559423
14535292,1976.3317712437056
682957147160819942,2121.618888628099
1042103078956150583,1065.169949021797
711908882319965486,1280.5377398839992
934129539051920012,1807.8949548542596
853607704195379789,1353.5366020019837
27738173,1572.477421017282
659040153442647734,1620.9859312222172
896346352678055576,2421.6424808821303
15312395,1691.8290759791548
49093947,1648.1071920565535
48611956,1223.7947677647567
1011187750956360185,1390.4297930133862
28053100,1410.6196321302957
35869904,1602.9803333227678
803767891405757191,1219.443358695385
24503070,4195.894458605399
16233697,1263.7673406871768
514444008042828499,2499.5927033905823
23527106,1904.1800914038643
50958386,1757.9574077911018
932904660689998973,2568.535223059008
732108046088834881,3075.7429245672947
47344582,1513.532846037858
895820181126266695,941.9332068192117
908772160503959142,550.1516990706945
841992855797021992,1903.4277611933207
37209961,1600.420665846047
28107117,2125.004888363169
12604369,1726.3991479876659
635567434949366572,1816.2222513634335
653231046834017130,2388.2564747216516
732954152878008420,1118.3455372343278
700360486474313397,2002.6563664384646
13659871,2875.0975522800395
897919706570362967,1706.99889584286
13998682,1464.5359513326937
32312468,972.4184083149837
47870299,1508.219360277261
37807603,3220.239327083759
21577211,1739.5438250426407
992180635524620061,1368.3775498248401
714426707514819432,932.0072472064069
740166355594264154,1621.3975986087803
776888971351739583,2782.65709544953
17195893,3181.536861138695
757304615588117949,1987.6805873284934
735257994956515880,3182.499895925383
22434983,1279.5780742222744
933384461183132776,2686.1472734320364
35045926,1419.7976913394593
23482505,1338.2720788899242
8252104,1635.7272435752468
964633786107362007,1384.799485797077
6468462,3259.2772401348902
52820683,1482.66938160606
569162770621083690,1359.336355490844
42671966,1629.0171362205172
5631903,1819.189630943388
671784023252600509,2253.390653761971
25750741,3458.0646480463
552948063129239677,1532.992061232411
839056487729299204,2410.0834983013506
27112358,1392.0277950903267
21391849,1582.596098775047
674621989064636219,2218.983063151526
42842762,1843.671314449529
35773343,1767.7444162672634
970439991463445612,1672.1567971961895
54391818,1414.667602230301
27509280,1382.4020752290148
611761793841869482,1334.1573061785036
705778708633220567,1420.9279403589915
975614034380256893,1124.8477872788383
19408516,3105.384327182717
653111931586097955,1562.5019233173741
943498343696854101,1639.8844589456696
22569894,1032.7487525780352
44016081,2505.4788485874315
772625083598946338,1639.629095128512
963008407445041328,3952.078035917385
54342824,1433.8331350912404
7639521,1351.1366098093388
889157526291436732,1865.5921536934732
1043555010873166927,979.3850390194968
914828199130851380,1790.5115891927146
44379773,2768.1701544840284
42715387,997.7448996553053
874598062923367204,1466.5957214103425
51217071,2690.3307298764753
855891766061703141,3352.353537963108
813141036861666339,3595.7192195706216
30557868,1856.684159997626
979265346950845617,1753.6104720317132
27554125,1400.0358057178812
586527360182677089,1862.250004243685
24290071,3589.275522008194
944898960014418599,1408.9660331738216
1936740,1008.7940108587993
11512985,1932.8575440142852
787525129882674319,911.3192845553791
23274503,1972.42004942981
1025583851443203174,3333.652558968331
51445585,1521.6373797100582
770037437586709007,2355.8921923129383
20761423,1477.617417171663
860078034305335575,1957.6976040701563
9315705,2623.90331615533
688688410004435455,2452.9610234425018
986615721167826658,1036.1973795239912
40622234,3477.7828303570673
910792504538098550,4124.268614771604
35614424,1377.742549809055
953672723424856595,2952.89955762471
42318659,1192.464539710782
731298385030157900,1680.01914091885
777845719535661781,863.9414927422891
838756003615851523,2620.5050376275467
818776253504919317,1262.9481045071186
5347437,1381.4400220455677
1022525123815533284,1702.4070075442296
779192581454708786,1916.6090649368584
686093412015816360,1628.1286766706564
956019044286668896,3283.574629079748
774764042569967907,856.7615199930273
45846446,1644.7927928151491
35582089,2710.1504291522015
937743991553670727,3550.179421778537
13831080,1433.8355056226053
659986,1237.5058905243134
1011027625250669279,3651.6935877715873
18487637,3155.985406470643
45105289,1812.1985355733518
922048853171442608,2894.929959329975
26755517,1441.0127161457433
858780834714802319,4110.798556525327
37832713,1586.0740728630767
40483667,1500.313957920309
988084293034320864,2582.9597963461074
48311778,1561.396465293898
731525183887783714,1646.5358185450352
689768447284830545,2819.506069346216
34068839,1583.0061381143098
8656743,1322.3757328674747
1039837151925950832,1123.2716842571208
13358432,1459.1847978675924
745524390513431446,3396.0323262071047
1022887813151486194,1513.4145690102523
41453394,903.70988728412
24918275,1601.427976530507
54335389,1318.4265303891113
793019747797442593,1883.9029531284582
31178487,2961.191940568323
38160401,1379.223197122678
24972517,4600.342082091209
1003745090356162116,2224.287257133692
3138351,1453.0568106445553
53989770,1856.684159997626
18527181,2400.0701790089975
926245977091142008,1672.0032551534555
891523792539994243,1943.1635016920777
883766402448845072,1285.1174416897595
754474494838555627,1430.4116270266447
52922381,1943.335401877239
870345135525475141,2536.0551055642077
12754577,1101.0956169162976
16302576,1753.753123530236
1004283782586351397,1517.4621254868716
690166406246340329,1786.000098117849
1001237630871589276,1022.1689343587119
51435213,1330.0585029021393
679236156119656441,1101.049194923408
20235568,1334.6762945523726
698850712096141475,1180.4929453664115
943727293662506572,1879.8059297304344
562273398233310583,1656.7266760020027
51453218,1832.7169882715882
882820464624804659,1908.118902304581
715404243365272214,1883.4678295715375
47328611,1775.653647206364
20586963,1373.9754585910086
658165734146739635,1857.6680428572338
976255006439000780,1126.6153586005876
21913,2406.803033483759
978326620963810661,2506.211831832134
6364673,2335.0436118257267
959529110487453427,2031.5055559467157
1011204750061662371,1967.0156922823173
664084044932877091,2345.452091076162
46814336,1971.9064874929854
819885558177176872,2331.500510606955
694857320391184517,1083.9174941940735
937645384668108165,2441.1925347553015
723174972783640817,3379.675553672004
933451668935657101,2716.4870459056574
42743449,2959.3911914245405
1018937441498951847,1896.784749983797
573217195003184747,1393.6583923332742
24448342,2281.9022283010368
988652996758441490,1317.2699771769055
877751497644643812,1594.8362161301238
866976300595521910,1550.5587441965522
28311114,1535.2082099442066
1006161482028441543,1618.4396967401144
33310791,1495.032749789701
45347643,1603.5017193853566
802927388053524873,1485.8125599391017
22310305,2799.9563650614245
924246213244772259,1904.749008038316
894928248932291492,2258.093209727192
28227836,2108.1324352827537
1005769316812466951,3372.7011799249353
47095909,990.5382722708622
21853186,3791.0012345720115
788529677978865032,1721.6567572492831
1003224578872304385,1414.243557753552
15648459,1455.0499319941416
12798674,1615.6352089855354
50092099,2736.183427627199
51468414,2671.232345419279
15008574,1411.3534666675052
248014,2599.100663390804
892832608717740339,1393.6583923332742
448104,1412.5091769110693
1000292418610835657,1010.236502359892
551448362493059866,1381.6829057010561
21140065,1730.2820959143378
953837293304150686,2099.0574007720097
34538696,1617.1369717744496
37687267,1012.8263559143996
34929386,3409.313080445977
40904332,1320.3484527011235
906495487858698325,1633.5023920355181
871938222700272619,1067.6167705656535
703167656545973227,1310.8316601296763
125176,1637.973927081397
546992172231995022,2873.2544843197675
755558,1794.7657420528822
22505866,1390.1288103902432
44181633,2032.2899470850039
814537539514681800,1440.509138374663
3971726,1439.9992075823138
39954476,1376.725830252623
50092727,2751.036413549079
931366114493009795,1756.731273922295
36005894,1677.9276966901848
21163623,1417.5482460100905
995975121236852447,1631.548459327935
755885807689048946,1494.7405764256962
749925573670595678,1393.7409374521926
51465302,1875.4656947894953
1021355010951172752,1004.2019822263787
842375989109963840,1271.3387644593463
34179989,1996.998064140843
48258110,1459.2559876657217
50007462,1870.1233315499494
851553094309845658,1390.5631239677834
881866425095040351,3720.329333600378
753809687233713202,2959.726525415591
4588807,1587.1935635920006
945911324848298814,2375.231672092592
766977627250888021,2422.1162651848435
41696939,2344.31105385054
838836701465376791,1536.0737966705601
52202007,2421.9228437642187
46549009,2330.696491638822
1034111161307090550,1610.3421803950641
749463145258836431,1385.550151233765
832137825019254833,1454.9579198099916
865249520880072777,1556.5777266630564
874633861077921368,2288.620699253573
1042285463819910552,1034.605734617154
14831562,1562.370759670172
805064294975438980,1533.1149858729232
903155509561260454,2058.0613965765037
5761885,1748.3005159252884
5961772,1061.7587911941957
39966440,1531.7405797066722
52477526,1024.2329125494075
50882256,3090.8976509221666
50645581,2053.485498537224
54054764,1337.9397189095985
15041985,1407.1357408899737
921788305000768403,1911.559048523177
681977772633720398,3238.1689974591195
715315237221795674,2417.3771930650214
4318059,1479.630273137236
18416795,1377.979260262924
22032043,1658.9184282750086
40160433,1539.920397821245
21281197,1654.4458263145411
873347642082088860,941.9332068192117
42720667,1723.0975937269634
880607026059023784,1611.1602506765676
4679955,2666.295444233366
19946831,1866.1626884226966
968207932749862784,1444.0333191141626
925648624985397790,1447.909415205823
933503883855879047,2989.240598069573
28220710,1521.7957512753248
1019844928155516711,1866.0296975356007
858609833316364347,2633.8735235858258
1000252377362444636,2295.0771642952736
35572828,1757.3311064611003
679251094277265342,294.6534163319279
54163567,1840.0884067772788
831887238207567105,1115.3397525481598
32587632,1436.952825456358
41113261,1799.736189927195
29548839,1338.8538430854314
42202219,1268.7595161863653
33288404,1456.6070424547602
681208131918140413,1456.6970714429576
849324342182298761,1855.844118378823
28604839,1322.8500722208753
29765542,1275.8649139628724
43606103,1530.5344824259932
23205966,1813.5366895042714
827768631980392538,1467.8312775946574
1995592,1888.335501916218
52706178,1465.6349585168346
829276983804768957,2765.2750075543763
720212490867839664,1560.748890501319
585568481664319320,2515.0171116754186
674891436783527030,1521.6373797100582
979115090468996112,1491.8344293631098
627789510779552820,1899.0026822598732
14112559,1506.9496129307004
961006,1400.3906975688728
26574530,1891.5466821791156
887967136695027458,2843.2911165818678
37130562,1602.6015865758357
949683989024178012,1940.9542281689007
46802773,1109.8782239468778
2532975,1773.0231157848143
49215656,1873.30094392853
9761890,3872.945205407502
1020468885295007329,1270.9506744549574
937985466918948775,1669.8665173470606
713049769583561030,1227.553946601905
18773655,2498.783398544509
35493651,1812.9001857377318
759718085882883202,1701.1614844134851
23559355,1710.8152357330505
18809180,1767.729822696387
23631177,1497.0660668992673
19050386,1494.8783503773336
36007371,1584.1959468770917
892121509051430866,1839.1562929289498
1040964779164833733,2210.1926355289415
1008752347711818081,994.3146059861156
25193115,994.1179576323904
25080824,3133.934722717533
958238894237639823,929.131928069407
756733561202282784,3712.4010763486576
739998589335684219,1833.607060212744
575441480842553082,1561.475821519384
52269475,1957.0916328499757
829783053362364517,2880.0746523245184
53204972,1482.8280629354754
22251747,1595.5695905114349
732862632185724337,343.30232529914827
772518170946106661,1787.624275990488
7027063,1510.8267608549254
51985429,1642.9305503146757
15161567,1230.3097459098024
2997414,2009.9305538967128
26756317,1614.2082664751888
765954895505819490,876.6579048704212
8685139,1445.737247223856
680466458223299651,1970.8165477894836
843789431473187496,1520.0827362433522
19805434,1156.6867818163212
39991541,1458.1796416806615
25521321,1641.3882144216461
1027961088845910273,1037.536771508283
1010341736303527888,1390.4297930133862
999302847719165315,1548.444097675002
572359625603226701,1870.3297594326234
1365609,1411.3534666675052
582833790411644565,1821.771735514898
960162769816303180,3056.7890029860946
963934821067372815,1129.7477457200307
52708672,1463.0545845206966
1006621523563827818,1380.30998182366
50780994,903.8933403342875
901719065426958617,1123.2457732073817
1018239809258742149,1064.9224707456024
2163742,1423.5234397428874
35466121,3433.5522416168133
612209813935397709,1840.7263134272982
1022823775402664295,3075.4129696818495
975995957512179640,1126.6153586005876
989776083447399183,2206.414700444306
1038642795987491666,994.3146059861156
1026850572883997693,891.7958211148855
969708925511036055,3340.536785341131
32420319,1350.0774034977437
1038413325241000258,3521.3328982305816
966221396225646994,1566.5091856898684
18769488,1520.3893333526432
10541223,1776.0689353452071
